Folder,Side,Surface Model,Centerline Model,Curve 0,Curve 1,Curve 2,CSV 0,CSV 1,CSV 2
topcow_ct_001,L,✅,❌,❌,❌,❌,❌,❌,❌
topcow_ct_001,R,✅,✅,✅,✅,✅,✅,✅,✅
topcow_ct_002,L,✅,✅,✅,✅,✅,✅,✅,✅
topcow_ct_002,R,✅,✅,✅,✅,✅,✅,✅,✅
topcow_ct_003,L,✅,❌,❌,❌,❌,❌,❌,❌
topcow_ct_003,R,✅,✅,✅,✅,✅,✅,✅,✅
topcow_ct_004,L,✅,✅,✅,✅,✅,✅,✅,✅
topcow_ct_004,R,✅,✅,✅,✅,✅,✅,✅,✅
topcow_ct_005,L,✅,✅,✅,✅,✅,✅,✅,✅
topcow_ct_005,R,✅,✅,✅,✅,✅,✅,✅,✅
topcow_ct_006,L,✅,✅,✅,✅,✅,✅,✅,✅
topcow_ct_006,R,✅,✅,✅,✅,✅,✅,✅,✅
topcow_ct_007,L,✅,✅,✅,✅,✅,✅,✅,✅
topcow_ct_007,R,✅,✅,✅,✅,✅,✅,✅,✅
topcow_ct_008,L,✅,✅,✅,✅,✅,✅,✅,✅
topcow_ct_008,R,✅,✅,✅,✅,✅,✅,✅,✅
topcow_ct_009,L,✅,✅,✅,✅,✅,✅,✅,✅
topcow_ct_009,R,✅,✅,✅,✅,✅,✅,✅,✅
topcow_ct_010,L,✅,✅,✅,✅,✅,✅,✅,✅
topcow_ct_010,R,✅,❌,❌,❌,❌,❌,❌,❌
topcow_ct_011,L,✅,✅,✅,✅,✅,✅,✅,✅
topcow_ct_011,R,✅,✅,✅,✅,✅,✅,✅,✅
topcow_ct_012,L,✅,✅,✅,✅,✅,✅,✅,✅
topcow_ct_012,R,✅,✅,✅,✅,✅,✅,✅,✅
topcow_ct_013,L,✅,✅,✅,✅,✅,✅,✅,✅
topcow_ct_013,R,✅,✅,✅,✅,✅,✅,✅,✅
topcow_ct_014,L,✅,✅,✅,✅,✅,✅,✅,✅
topcow_ct_014,R,✅,✅,✅,✅,✅,✅,✅,✅
topcow_ct_015,L,✅,✅,✅,✅,✅,✅,✅,✅
topcow_ct_015,R,✅,❌,❌,❌,❌,❌,❌,❌
topcow_ct_016,L,✅,✅,✅,✅,✅,✅,✅,✅
topcow_ct_016,R,✅,✅,✅,✅,✅,✅,✅,✅
topcow_ct_017,L,✅,✅,✅,✅,✅,✅,✅,✅
topcow_ct_017,R,✅,✅,✅,✅,✅,✅,✅,✅
topcow_ct_018,L,✅,✅,✅,✅,✅,✅,✅,✅
topcow_ct_018,R,✅,✅,✅,✅,✅,✅,✅,✅
topcow_ct_019,L,✅,✅,✅,✅,✅,✅,✅,✅
topcow_ct_019,R,✅,✅,✅,✅,✅,✅,✅,✅
topcow_ct_020,L,✅,✅,✅,✅,✅,✅,✅,✅
topcow_ct_020,R,✅,✅,✅,✅,✅,✅,✅,✅
topcow_ct_021,L,✅,✅,✅,✅,✅,✅,✅,✅
topcow_ct_021,R,✅,❌,❌,❌,❌,❌,❌,❌
topcow_ct_022,L,✅,✅,✅,✅,✅,✅,✅,✅
topcow_ct_022,R,✅,✅,✅,✅,✅,✅,✅,✅
topcow_ct_023,L,✅,❌,❌,❌,❌,❌,❌,❌
topcow_ct_023,R,✅,✅,✅,✅,✅,✅,✅,✅
topcow_ct_024,L,✅,✅,✅,✅,✅,✅,✅,✅
topcow_ct_024,R,✅,❌,❌,❌,❌,❌,❌,❌
topcow_ct_025,L,✅,✅,✅,✅,✅,✅,✅,✅
topcow_ct_025,R,✅,✅,✅,✅,✅,✅,✅,✅
topcow_ct_026,L,✅,✅,✅,✅,✅,✅,✅,✅
topcow_ct_026,R,✅,✅,✅,✅,✅,✅,✅,✅
topcow_ct_027,L,✅,✅,✅,✅,✅,✅,✅,✅
topcow_ct_027,R,✅,✅,✅,✅,✅,✅,✅,✅
topcow_ct_028,L,✅,✅,✅,✅,✅,✅,✅,✅
topcow_ct_028,R,✅,❌,❌,❌,❌,❌,❌,❌
topcow_ct_029,L,✅,✅,✅,✅,✅,✅,✅,✅
topcow_ct_029,R,✅,✅,✅,✅,✅,✅,✅,✅
topcow_ct_030,L,✅,✅,✅,✅,✅,✅,✅,✅
topcow_ct_030,R,✅,✅,✅,✅,✅,✅,✅,✅
topcow_ct_031,L,✅,✅,✅,✅,✅,✅,✅,✅
topcow_ct_031,R,✅,✅,✅,✅,✅,✅,✅,✅
topcow_ct_032,L,✅,✅,✅,✅,✅,✅,✅,✅
topcow_ct_032,R,✅,✅,✅,✅,✅,✅,✅,✅
topcow_ct_033,L,✅,❌,❌,❌,❌,❌,❌,❌
topcow_ct_033,R,✅,✅,✅,✅,✅,✅,✅,✅
topcow_ct_034,L,✅,✅,✅,✅,✅,✅,✅,✅
topcow_ct_034,R,✅,✅,✅,✅,✅,✅,✅,✅
topcow_ct_035,L,✅,✅,✅,✅,✅,✅,✅,✅
topcow_ct_035,R,✅,✅,✅,✅,✅,✅,✅,✅
topcow_ct_036,L,✅,✅,✅,✅,✅,✅,✅,✅
topcow_ct_036,R,✅,✅,✅,✅,✅,✅,✅,✅
topcow_ct_037,L,✅,✅,✅,✅,✅,✅,✅,✅
topcow_ct_037,R,✅,✅,✅,✅,✅,✅,✅,✅
topcow_ct_038,L,✅,✅,✅,✅,✅,✅,✅,✅
topcow_ct_038,R,✅,✅,✅,✅,✅,✅,✅,✅
topcow_ct_039,L,✅,✅,✅,✅,✅,✅,✅,✅
topcow_ct_039,R,✅,✅,✅,✅,✅,✅,✅,✅
topcow_ct_040,L,✅,✅,✅,✅,✅,✅,✅,✅
topcow_ct_040,R,✅,✅,✅,✅,✅,✅,✅,✅
topcow_ct_041,L,✅,✅,✅,✅,✅,✅,✅,✅
topcow_ct_041,R,✅,✅,✅,✅,✅,✅,✅,✅
topcow_ct_042,L,✅,✅,✅,✅,✅,✅,✅,✅
topcow_ct_042,R,✅,✅,✅,✅,✅,✅,✅,✅
topcow_ct_043,L,✅,✅,✅,✅,✅,✅,✅,✅
topcow_ct_043,R,✅,✅,✅,✅,✅,✅,✅,✅
topcow_ct_044,L,✅,✅,✅,✅,✅,✅,✅,✅
topcow_ct_044,R,✅,❌,❌,❌,❌,❌,❌,❌
topcow_ct_045,L,✅,✅,✅,✅,✅,✅,✅,✅
topcow_ct_045,R,✅,✅,✅,✅,✅,✅,✅,✅
topcow_ct_046,L,✅,✅,✅,✅,✅,✅,✅,✅
topcow_ct_046,R,✅,✅,✅,✅,✅,✅,✅,✅
topcow_ct_047,L,✅,✅,✅,✅,✅,✅,✅,✅
topcow_ct_047,R,✅,❌,❌,❌,❌,❌,❌,❌
topcow_ct_048,L,✅,✅,✅,✅,✅,✅,✅,✅
topcow_ct_048,R,✅,✅,✅,✅,✅,✅,✅,✅
topcow_ct_049,L,✅,✅,✅,✅,✅,✅,✅,✅
topcow_ct_049,R,✅,✅,✅,✅,✅,✅,✅,✅
topcow_ct_050,L,✅,✅,✅,✅,✅,✅,✅,✅
topcow_ct_050,R,✅,✅,✅,✅,✅,✅,✅,✅
topcow_ct_051,L,✅,✅,✅,✅,✅,✅,✅,✅
topcow_ct_051,R,✅,✅,✅,✅,✅,✅,✅,✅
topcow_ct_052,L,✅,✅,✅,✅,✅,✅,✅,✅
topcow_ct_052,R,✅,✅,✅,✅,✅,✅,✅,✅
topcow_ct_053,L,✅,✅,✅,✅,✅,✅,✅,✅
topcow_ct_053,R,✅,✅,✅,✅,✅,✅,✅,✅
topcow_ct_054,L,✅,✅,✅,✅,✅,✅,✅,✅
topcow_ct_054,R,✅,✅,✅,✅,✅,✅,✅,✅
topcow_ct_055,L,✅,✅,✅,✅,✅,✅,✅,✅
topcow_ct_055,R,✅,✅,✅,✅,✅,✅,✅,✅
topcow_ct_056,L,✅,✅,✅,✅,✅,✅,✅,✅
topcow_ct_056,R,✅,✅,✅,✅,✅,✅,✅,✅
topcow_ct_057,L,✅,✅,✅,✅,✅,✅,✅,✅
topcow_ct_057,R,✅,✅,✅,✅,✅,✅,✅,✅
topcow_ct_058,L,✅,✅,✅,✅,✅,✅,✅,✅
topcow_ct_058,R,✅,✅,✅,✅,✅,✅,✅,✅
topcow_ct_059,L,✅,✅,✅,✅,✅,✅,✅,✅
topcow_ct_059,R,✅,✅,✅,✅,✅,✅,✅,✅
topcow_ct_060,L,✅,✅,✅,✅,✅,✅,✅,✅
topcow_ct_060,R,✅,✅,✅,✅,✅,✅,✅,✅
topcow_ct_061,L,✅,✅,✅,✅,✅,✅,✅,✅
topcow_ct_061,R,✅,✅,✅,✅,✅,✅,✅,✅
topcow_ct_062,L,✅,✅,✅,✅,✅,✅,✅,✅
topcow_ct_062,R,✅,✅,✅,✅,✅,✅,✅,✅
topcow_ct_063,L,✅,✅,✅,✅,✅,✅,✅,✅
topcow_ct_063,R,✅,❌,❌,❌,❌,❌,❌,❌
topcow_ct_064,L,✅,✅,✅,✅,✅,✅,✅,✅
topcow_ct_064,R,✅,✅,✅,✅,✅,✅,✅,✅
topcow_ct_065,L,✅,✅,✅,✅,✅,✅,✅,✅
topcow_ct_065,R,✅,✅,✅,✅,✅,✅,✅,✅
topcow_ct_066,L,✅,✅,✅,✅,✅,✅,✅,✅
topcow_ct_066,R,✅,✅,✅,✅,✅,✅,✅,✅
topcow_ct_067,L,✅,✅,✅,✅,✅,✅,✅,✅
topcow_ct_067,R,✅,✅,✅,✅,✅,✅,✅,✅
topcow_ct_068,L,✅,✅,✅,✅,✅,✅,✅,✅
topcow_ct_068,R,✅,✅,✅,✅,✅,✅,✅,✅
topcow_ct_069,L,✅,✅,✅,✅,✅,✅,✅,✅
topcow_ct_069,R,✅,✅,✅,✅,✅,✅,✅,✅
topcow_ct_070,L,✅,✅,✅,✅,✅,✅,✅,✅
topcow_ct_070,R,✅,✅,✅,✅,✅,✅,✅,✅
topcow_ct_071,L,✅,✅,✅,✅,✅,✅,✅,✅
topcow_ct_071,R,✅,✅,✅,✅,✅,✅,✅,✅
topcow_ct_072,L,✅,✅,✅,✅,✅,✅,✅,✅
topcow_ct_072,R,✅,✅,✅,✅,✅,✅,✅,✅
topcow_ct_073,L,✅,✅,✅,✅,✅,✅,✅,✅
topcow_ct_073,R,✅,✅,✅,✅,✅,✅,✅,✅
topcow_ct_074,L,✅,✅,✅,✅,✅,✅,✅,✅
topcow_ct_074,R,✅,✅,✅,✅,✅,✅,✅,✅
topcow_ct_075,L,✅,✅,✅,✅,✅,✅,✅,✅
topcow_ct_075,R,✅,✅,✅,✅,✅,✅,✅,✅
topcow_ct_076,L,✅,✅,✅,✅,✅,✅,✅,✅
topcow_ct_076,R,✅,✅,✅,✅,✅,✅,✅,✅
topcow_ct_077,L,✅,✅,✅,✅,✅,✅,✅,✅
topcow_ct_077,R,✅,✅,✅,✅,✅,✅,✅,✅
topcow_ct_078,L,✅,✅,✅,✅,✅,✅,✅,✅
topcow_ct_078,R,✅,✅,✅,✅,✅,✅,✅,✅
topcow_ct_079,L,✅,✅,✅,✅,✅,✅,✅,✅
topcow_ct_079,R,✅,✅,✅,✅,✅,✅,✅,✅
topcow_ct_080,L,✅,✅,✅,✅,✅,✅,✅,✅
topcow_ct_080,R,✅,✅,✅,✅,✅,✅,✅,✅
topcow_ct_081,L,✅,✅,✅,✅,✅,✅,✅,✅
topcow_ct_081,R,✅,✅,✅,✅,✅,✅,✅,✅
topcow_ct_082,L,✅,✅,✅,✅,✅,✅,✅,✅
topcow_ct_082,R,✅,✅,✅,✅,✅,✅,✅,✅
topcow_ct_083,L,✅,✅,✅,✅,✅,✅,✅,✅
topcow_ct_083,R,✅,❌,❌,❌,❌,❌,❌,❌
topcow_ct_084,L,✅,✅,✅,✅,✅,✅,✅,✅
topcow_ct_084,R,✅,✅,✅,✅,✅,✅,✅,✅
topcow_ct_085,L,✅,✅,✅,✅,✅,✅,✅,✅
topcow_ct_085,R,✅,✅,✅,✅,✅,✅,✅,✅
topcow_ct_086,L,✅,✅,✅,✅,✅,✅,✅,✅
topcow_ct_086,R,✅,✅,✅,✅,✅,✅,✅,✅
topcow_ct_087,L,✅,✅,✅,✅,✅,✅,✅,✅
topcow_ct_087,R,✅,✅,✅,✅,✅,✅,✅,✅
topcow_ct_088,L,✅,✅,✅,✅,✅,✅,✅,✅
topcow_ct_088,R,✅,✅,✅,✅,✅,✅,✅,✅
topcow_ct_089,L,✅,✅,✅,✅,✅,✅,✅,✅
topcow_ct_089,R,✅,✅,✅,✅,✅,✅,✅,✅
topcow_ct_090,L,✅,✅,✅,✅,✅,✅,✅,✅
topcow_ct_090,R,✅,✅,✅,✅,✅,✅,✅,✅
topcow_ct_131,L,✅,✅,✅,✅,✅,✅,✅,✅
topcow_ct_131,R,✅,✅,✅,✅,✅,✅,✅,✅
topcow_ct_132,L,✅,✅,✅,✅,✅,✅,✅,✅
topcow_ct_132,R,✅,✅,✅,✅,✅,✅,✅,✅
topcow_ct_133,L,✅,✅,✅,✅,✅,✅,✅,✅
topcow_ct_133,R,✅,❌,❌,❌,❌,❌,❌,❌
topcow_ct_134,L,✅,✅,✅,✅,✅,✅,✅,✅
topcow_ct_134,R,✅,✅,✅,✅,✅,✅,✅,✅
topcow_ct_135,L,✅,✅,✅,✅,✅,✅,✅,✅
topcow_ct_135,R,✅,✅,✅,✅,✅,✅,✅,✅
topcow_ct_136,L,✅,✅,✅,✅,✅,✅,✅,✅
topcow_ct_136,R,✅,✅,✅,✅,✅,✅,✅,✅
topcow_ct_137,L,✅,✅,✅,✅,✅,✅,✅,✅
topcow_ct_137,R,✅,✅,✅,✅,✅,✅,✅,✅
topcow_ct_138,L,✅,✅,✅,✅,✅,✅,✅,✅
topcow_ct_138,R,✅,✅,✅,✅,✅,✅,✅,✅
topcow_ct_139,L,✅,✅,✅,✅,✅,✅,✅,✅
topcow_ct_139,R,✅,✅,✅,✅,✅,✅,✅,✅
topcow_ct_140,L,✅,✅,✅,✅,✅,✅,✅,✅
topcow_ct_140,R,✅,✅,✅,✅,✅,✅,✅,✅
topcow_ct_141,L,✅,✅,✅,✅,✅,✅,✅,✅
topcow_ct_141,R,✅,✅,✅,✅,✅,✅,✅,✅
topcow_ct_142,L,✅,✅,✅,✅,✅,✅,✅,✅
topcow_ct_142,R,✅,✅,✅,✅,✅,✅,✅,✅
topcow_ct_143,L,✅,✅,✅,✅,✅,✅,✅,✅
topcow_ct_143,R,✅,✅,✅,✅,✅,✅,✅,✅
topcow_ct_144,L,✅,✅,✅,✅,✅,✅,✅,✅
topcow_ct_144,R,✅,✅,✅,✅,✅,✅,✅,✅
topcow_ct_145,L,✅,✅,✅,✅,✅,✅,✅,✅
topcow_ct_145,R,✅,❌,❌,❌,❌,❌,❌,❌
topcow_ct_146,L,✅,✅,✅,✅,✅,✅,✅,✅
topcow_ct_146,R,✅,✅,✅,✅,✅,✅,✅,✅
topcow_ct_147,L,✅,✅,✅,✅,✅,✅,✅,✅
topcow_ct_147,R,✅,✅,✅,✅,✅,✅,✅,✅
topcow_ct_148,L,✅,✅,✅,✅,✅,✅,✅,✅
topcow_ct_148,R,✅,✅,✅,✅,✅,✅,✅,✅
topcow_ct_149,L,✅,✅,✅,✅,✅,✅,✅,✅
topcow_ct_149,R,✅,✅,✅,✅,✅,✅,✅,✅
topcow_ct_150,L,✅,✅,✅,✅,✅,✅,✅,✅
topcow_ct_150,R,✅,✅,✅,✅,✅,✅,✅,✅
topcow_ct_151,L,✅,✅,✅,✅,✅,✅,✅,✅
topcow_ct_151,R,✅,✅,✅,✅,✅,✅,✅,✅
topcow_ct_152,L,✅,✅,✅,✅,✅,✅,✅,✅
topcow_ct_152,R,✅,✅,✅,✅,✅,✅,✅,✅
topcow_ct_153,L,✅,✅,✅,✅,✅,✅,✅,✅
topcow_ct_153,R,✅,✅,✅,✅,✅,✅,✅,✅
topcow_ct_154,L,✅,✅,✅,✅,✅,✅,✅,✅
topcow_ct_154,R,✅,✅,✅,✅,✅,✅,✅,✅
topcow_ct_155,L,✅,✅,✅,✅,✅,✅,✅,✅
topcow_ct_155,R,✅,✅,✅,✅,✅,✅,✅,✅
topcow_ct_156,L,✅,✅,✅,✅,✅,✅,✅,✅
topcow_ct_156,R,✅,✅,✅,✅,✅,✅,✅,✅
topcow_ct_157,L,✅,✅,✅,✅,✅,✅,✅,✅
topcow_ct_157,R,✅,✅,✅,✅,✅,✅,✅,✅
topcow_ct_158,L,✅,✅,✅,✅,✅,✅,✅,✅
topcow_ct_158,R,✅,✅,✅,✅,✅,✅,✅,✅
topcow_ct_159,L,✅,✅,✅,✅,✅,✅,✅,✅
topcow_ct_159,R,✅,❌,❌,❌,❌,❌,❌,❌
topcow_ct_160,L,✅,✅,✅,✅,✅,✅,✅,✅
topcow_ct_160,R,✅,✅,✅,✅,✅,✅,✅,✅
topcow_ct_161,L,✅,✅,✅,✅,✅,✅,✅,✅
topcow_ct_161,R,✅,✅,✅,✅,✅,✅,✅,✅
topcow_ct_162,L,✅,✅,✅,✅,✅,✅,✅,✅
topcow_ct_162,R,✅,✅,✅,✅,✅,✅,✅,✅
topcow_ct_163,L,✅,✅,✅,✅,✅,✅,✅,✅
topcow_ct_163,R,✅,✅,✅,✅,✅,✅,✅,✅
topcow_ct_164,L,✅,✅,✅,✅,✅,✅,✅,✅
topcow_ct_164,R,✅,✅,✅,✅,✅,✅,✅,✅
topcow_ct_165,L,✅,✅,✅,✅,✅,✅,✅,✅
topcow_ct_165,R,✅,✅,✅,✅,✅,✅,✅,✅
topcow_mr_001,L,✅,✅,✅,✅,✅,✅,✅,✅
topcow_mr_001,R,✅,✅,✅,✅,✅,✅,✅,✅
topcow_mr_002,L,✅,✅,✅,✅,✅,✅,✅,✅
topcow_mr_002,R,✅,✅,✅,✅,✅,✅,✅,✅
topcow_mr_003,L,✅,❌,❌,❌,❌,❌,❌,❌
topcow_mr_003,R,✅,✅,✅,✅,✅,✅,✅,✅
topcow_mr_004,L,✅,✅,✅,✅,✅,✅,✅,✅
topcow_mr_004,R,✅,❌,❌,❌,❌,❌,❌,❌
topcow_mr_005,L,✅,✅,✅,✅,✅,✅,✅,✅
topcow_mr_005,R,✅,✅,✅,✅,✅,✅,✅,✅
topcow_mr_006,L,✅,✅,✅,✅,✅,✅,✅,✅
topcow_mr_006,R,✅,✅,✅,✅,✅,✅,✅,✅
topcow_mr_007,L,✅,✅,✅,✅,✅,✅,✅,✅
topcow_mr_007,R,✅,✅,✅,✅,✅,✅,✅,✅
topcow_mr_008,L,✅,✅,✅,✅,✅,✅,✅,✅
topcow_mr_008,R,✅,✅,✅,✅,✅,✅,✅,✅
topcow_mr_009,L,✅,✅,✅,✅,✅,✅,✅,✅
topcow_mr_009,R,✅,✅,✅,✅,✅,✅,✅,✅
topcow_mr_010,L,✅,✅,✅,✅,✅,✅,✅,✅
topcow_mr_010,R,✅,❌,❌,❌,❌,❌,❌,❌
topcow_mr_011,L,✅,✅,✅,✅,✅,✅,✅,✅
topcow_mr_011,R,✅,✅,✅,✅,✅,✅,✅,✅
topcow_mr_012,L,✅,✅,✅,✅,✅,✅,✅,✅
topcow_mr_012,R,✅,✅,✅,✅,✅,✅,✅,✅
topcow_mr_013,L,✅,✅,✅,✅,✅,✅,✅,✅
topcow_mr_013,R,✅,✅,✅,✅,✅,✅,✅,✅
topcow_mr_014,L,✅,✅,✅,✅,✅,✅,✅,✅
topcow_mr_014,R,✅,❌,❌,❌,❌,❌,❌,❌
topcow_mr_015,L,✅,✅,✅,✅,✅,✅,✅,✅
topcow_mr_015,R,✅,❌,❌,❌,❌,❌,❌,❌
topcow_mr_016,L,✅,✅,✅,✅,✅,✅,✅,✅
topcow_mr_016,R,✅,✅,✅,✅,✅,✅,✅,✅
topcow_mr_017,L,✅,✅,✅,✅,✅,✅,✅,✅
topcow_mr_017,R,✅,✅,✅,✅,✅,✅,✅,✅
topcow_mr_018,L,✅,✅,✅,✅,✅,✅,✅,✅
topcow_mr_018,R,✅,✅,✅,✅,✅,✅,✅,✅
topcow_mr_019,L,✅,✅,✅,✅,✅,✅,✅,✅
topcow_mr_019,R,✅,✅,✅,✅,✅,✅,✅,✅
topcow_mr_020,L,✅,✅,✅,✅,✅,✅,✅,✅
topcow_mr_020,R,✅,✅,✅,✅,✅,✅,✅,✅
topcow_mr_021,L,✅,✅,✅,✅,✅,✅,✅,✅
topcow_mr_021,R,✅,❌,❌,❌,❌,❌,❌,❌
topcow_mr_022,L,✅,✅,✅,✅,✅,✅,✅,✅
topcow_mr_022,R,✅,✅,✅,✅,✅,✅,✅,✅
topcow_mr_023,L,✅,❌,❌,❌,❌,❌,❌,❌
topcow_mr_023,R,✅,✅,✅,✅,✅,✅,✅,✅
topcow_mr_024,L,✅,✅,✅,✅,✅,✅,✅,✅
topcow_mr_024,R,✅,❌,❌,❌,❌,❌,❌,❌
topcow_mr_025,L,✅,✅,✅,✅,✅,✅,✅,✅
topcow_mr_025,R,✅,✅,✅,✅,✅,✅,✅,✅
topcow_mr_026,L,✅,✅,✅,✅,✅,✅,✅,✅
topcow_mr_026,R,✅,✅,✅,✅,✅,✅,✅,✅
topcow_mr_027,L,✅,✅,✅,✅,✅,✅,✅,✅
topcow_mr_027,R,✅,✅,✅,✅,✅,✅,✅,✅
topcow_mr_028,L,✅,✅,✅,✅,✅,✅,✅,✅
topcow_mr_028,R,✅,✅,✅,✅,✅,✅,✅,✅
topcow_mr_029,L,✅,✅,✅,✅,✅,✅,✅,✅
topcow_mr_029,R,✅,✅,✅,✅,✅,✅,✅,✅
topcow_mr_030,L,✅,✅,✅,✅,✅,✅,✅,✅
topcow_mr_030,R,✅,✅,✅,✅,✅,✅,✅,✅
topcow_mr_031,L,✅,✅,✅,✅,✅,✅,✅,✅
topcow_mr_031,R,✅,✅,✅,✅,✅,✅,✅,✅
topcow_mr_032,L,✅,✅,✅,✅,✅,✅,✅,✅
topcow_mr_032,R,✅,✅,✅,✅,✅,✅,✅,✅
topcow_mr_033,L,✅,❌,❌,❌,❌,❌,❌,❌
topcow_mr_033,R,✅,✅,✅,✅,✅,✅,✅,✅
topcow_mr_034,L,✅,✅,✅,✅,✅,✅,✅,✅
topcow_mr_034,R,✅,✅,✅,✅,✅,✅,✅,✅
topcow_mr_035,L,✅,✅,✅,✅,✅,✅,✅,✅
topcow_mr_035,R,✅,✅,✅,✅,✅,✅,✅,✅
topcow_mr_036,L,✅,✅,✅,✅,✅,✅,✅,✅
topcow_mr_036,R,✅,✅,✅,✅,✅,✅,✅,✅
topcow_mr_037,L,✅,✅,✅,✅,✅,✅,✅,✅
topcow_mr_037,R,✅,✅,✅,✅,✅,✅,✅,✅
topcow_mr_038,L,✅,✅,✅,✅,✅,✅,✅,✅
topcow_mr_038,R,✅,✅,✅,✅,✅,✅,✅,✅
topcow_mr_039,L,✅,✅,✅,✅,✅,✅,✅,✅
topcow_mr_039,R,✅,✅,✅,✅,✅,✅,✅,✅
topcow_mr_040,L,✅,✅,✅,✅,✅,✅,✅,✅
topcow_mr_040,R,✅,✅,✅,✅,✅,✅,✅,✅
topcow_mr_041,L,✅,✅,✅,✅,✅,✅,✅,✅
topcow_mr_041,R,✅,✅,✅,✅,✅,✅,✅,✅
topcow_mr_042,L,✅,✅,✅,✅,✅,✅,✅,✅
topcow_mr_042,R,✅,✅,✅,✅,✅,✅,✅,✅
topcow_mr_043,L,✅,✅,✅,✅,✅,✅,✅,✅
topcow_mr_043,R,✅,✅,✅,✅,✅,✅,✅,✅
topcow_mr_044,L,✅,✅,✅,✅,✅,✅,✅,✅
topcow_mr_044,R,✅,❌,❌,❌,❌,❌,❌,❌
topcow_mr_045,L,✅,✅,✅,✅,✅,✅,✅,✅
topcow_mr_045,R,✅,✅,✅,✅,✅,✅,✅,✅
topcow_mr_046,L,✅,✅,✅,✅,✅,✅,✅,✅
topcow_mr_046,R,✅,✅,✅,✅,✅,✅,✅,✅
topcow_mr_047,L,✅,✅,✅,✅,✅,✅,✅,✅
topcow_mr_047,R,✅,✅,✅,✅,✅,✅,✅,✅
topcow_mr_048,L,✅,✅,✅,✅,✅,✅,✅,✅
topcow_mr_048,R,✅,✅,✅,✅,✅,✅,✅,✅
topcow_mr_049,L,✅,✅,✅,✅,✅,✅,✅,✅
topcow_mr_049,R,✅,✅,✅,✅,✅,✅,✅,✅
topcow_mr_050,L,✅,✅,✅,✅,✅,✅,✅,✅
topcow_mr_050,R,✅,✅,✅,✅,✅,✅,✅,✅
topcow_mr_051,L,✅,✅,✅,✅,✅,✅,✅,✅
topcow_mr_051,R,✅,✅,✅,✅,✅,✅,✅,✅
topcow_mr_052,L,✅,✅,✅,✅,✅,✅,✅,✅
topcow_mr_052,R,✅,✅,✅,✅,✅,✅,✅,✅
topcow_mr_053,L,✅,✅,✅,✅,✅,✅,✅,✅
topcow_mr_053,R,✅,✅,✅,✅,✅,✅,✅,✅
topcow_mr_054,L,✅,✅,✅,✅,✅,✅,✅,✅
topcow_mr_054,R,✅,✅,✅,✅,✅,✅,✅,✅
topcow_mr_055,L,✅,✅,✅,✅,✅,✅,✅,✅
topcow_mr_055,R,✅,✅,✅,✅,✅,✅,✅,✅
topcow_mr_056,L,✅,✅,✅,✅,✅,✅,✅,✅
topcow_mr_056,R,✅,✅,✅,✅,✅,✅,✅,✅
topcow_mr_057,L,✅,✅,✅,✅,✅,✅,✅,✅
topcow_mr_057,R,✅,✅,✅,✅,✅,✅,✅,✅
topcow_mr_058,L,✅,✅,✅,✅,✅,✅,✅,✅
topcow_mr_058,R,✅,✅,✅,✅,✅,✅,✅,✅
topcow_mr_059,L,✅,✅,✅,✅,✅,✅,✅,✅
topcow_mr_059,R,✅,✅,✅,✅,✅,✅,✅,✅
topcow_mr_060,L,✅,✅,✅,✅,✅,✅,✅,✅
topcow_mr_060,R,✅,✅,✅,✅,✅,✅,✅,✅
topcow_mr_061,L,✅,✅,✅,✅,✅,✅,✅,✅
topcow_mr_061,R,✅,✅,✅,✅,✅,✅,✅,✅
topcow_mr_062,L,✅,✅,✅,✅,✅,✅,✅,✅
topcow_mr_062,R,✅,✅,✅,✅,✅,✅,✅,✅
topcow_mr_063,L,✅,✅,✅,✅,✅,✅,✅,✅
topcow_mr_063,R,✅,❌,❌,❌,❌,❌,❌,❌
topcow_mr_064,L,✅,✅,✅,✅,✅,✅,✅,✅
topcow_mr_064,R,✅,✅,✅,✅,✅,✅,✅,✅
topcow_mr_065,L,✅,✅,✅,✅,✅,✅,✅,✅
topcow_mr_065,R,✅,✅,✅,✅,✅,✅,✅,✅
topcow_mr_066,L,✅,✅,✅,✅,✅,✅,✅,✅
topcow_mr_066,R,✅,✅,✅,✅,✅,✅,✅,✅
topcow_mr_067,L,✅,✅,✅,✅,✅,✅,✅,✅
topcow_mr_067,R,✅,✅,✅,✅,✅,✅,✅,✅
topcow_mr_068,L,✅,✅,✅,✅,✅,✅,✅,✅
topcow_mr_068,R,✅,✅,✅,✅,✅,✅,✅,✅
topcow_mr_069,L,✅,✅,✅,✅,✅,✅,✅,✅
topcow_mr_069,R,✅,✅,✅,✅,✅,✅,✅,✅
topcow_mr_070,L,✅,✅,✅,✅,✅,✅,✅,✅
topcow_mr_070,R,✅,✅,✅,✅,✅,✅,✅,✅
topcow_mr_071,L,✅,✅,✅,✅,✅,✅,✅,✅
topcow_mr_071,R,✅,✅,✅,✅,✅,✅,✅,✅
topcow_mr_072,L,✅,✅,✅,✅,✅,✅,✅,✅
topcow_mr_072,R,✅,✅,✅,✅,✅,✅,✅,✅
topcow_mr_073,L,✅,✅,✅,✅,✅,✅,✅,✅
topcow_mr_073,R,✅,✅,✅,✅,✅,✅,✅,✅
topcow_mr_074,L,✅,✅,✅,✅,✅,✅,✅,✅
topcow_mr_074,R,✅,✅,✅,✅,✅,✅,✅,✅
topcow_mr_075,L,✅,✅,✅,✅,✅,✅,✅,✅
topcow_mr_075,R,✅,✅,✅,✅,✅,✅,✅,✅
topcow_mr_076,L,✅,✅,✅,✅,✅,✅,✅,✅
topcow_mr_076,R,✅,✅,✅,✅,✅,✅,✅,✅
topcow_mr_077,L,✅,✅,✅,✅,✅,✅,✅,✅
topcow_mr_077,R,✅,✅,✅,✅,✅,✅,✅,✅
topcow_mr_078,L,✅,✅,✅,✅,✅,✅,✅,✅
topcow_mr_078,R,✅,✅,✅,✅,✅,✅,✅,✅
topcow_mr_079,L,✅,✅,✅,✅,✅,✅,✅,✅
topcow_mr_079,R,✅,✅,✅,✅,✅,✅,✅,✅
topcow_mr_080,L,✅,✅,✅,✅,✅,✅,✅,✅
topcow_mr_080,R,✅,✅,✅,✅,✅,✅,✅,✅
topcow_mr_081,L,✅,✅,✅,✅,✅,✅,✅,✅
topcow_mr_081,R,✅,✅,✅,✅,✅,✅,✅,✅
topcow_mr_082,L,✅,✅,✅,✅,✅,✅,✅,✅
topcow_mr_082,R,✅,✅,✅,✅,✅,✅,✅,✅
topcow_mr_083,L,✅,✅,✅,✅,✅,✅,✅,✅
topcow_mr_083,R,✅,❌,❌,❌,❌,❌,❌,❌
topcow_mr_084,L,✅,✅,✅,✅,✅,✅,✅,✅
topcow_mr_084,R,✅,✅,✅,✅,✅,✅,✅,✅
topcow_mr_085,L,✅,✅,✅,✅,✅,✅,✅,✅
topcow_mr_085,R,✅,✅,✅,✅,✅,✅,✅,✅
topcow_mr_086,L,✅,✅,✅,✅,✅,✅,✅,✅
topcow_mr_086,R,✅,✅,✅,✅,✅,✅,✅,✅
topcow_mr_087,L,✅,✅,✅,✅,✅,✅,✅,✅
topcow_mr_087,R,✅,✅,✅,✅,✅,✅,✅,✅
topcow_mr_088,L,✅,✅,✅,✅,✅,✅,✅,✅
topcow_mr_088,R,✅,✅,✅,✅,✅,✅,✅,✅
topcow_mr_089,L,✅,✅,✅,✅,✅,✅,✅,✅
topcow_mr_089,R,✅,✅,✅,✅,✅,✅,✅,✅
topcow_mr_090,L,✅,✅,✅,✅,✅,✅,✅,✅
topcow_mr_090,R,✅,✅,✅,✅,✅,✅,✅,✅
topcow_mr_131,L,✅,✅,✅,✅,✅,✅,✅,✅
topcow_mr_131,R,✅,✅,✅,✅,✅,✅,✅,✅
topcow_mr_132,L,✅,✅,✅,✅,✅,✅,✅,✅
topcow_mr_132,R,✅,✅,✅,✅,✅,✅,✅,✅
topcow_mr_133,L,✅,✅,✅,✅,✅,✅,✅,✅
topcow_mr_133,R,✅,❌,❌,❌,❌,❌,❌,❌
topcow_mr_134,L,✅,✅,✅,✅,✅,✅,✅,✅
topcow_mr_134,R,✅,✅,✅,✅,✅,✅,✅,✅
topcow_mr_135,L,✅,✅,✅,✅,✅,✅,✅,✅
topcow_mr_135,R,✅,✅,✅,✅,✅,✅,✅,✅
topcow_mr_136,L,✅,✅,✅,✅,✅,✅,✅,✅
topcow_mr_136,R,✅,✅,✅,✅,✅,✅,✅,✅
topcow_mr_137,L,✅,✅,✅,✅,✅,✅,✅,✅
topcow_mr_137,R,✅,✅,✅,✅,✅,✅,✅,✅
topcow_mr_138,L,✅,✅,✅,✅,✅,✅,✅,✅
topcow_mr_138,R,✅,✅,✅,✅,✅,✅,✅,✅
topcow_mr_139,L,✅,✅,✅,✅,✅,✅,✅,✅
topcow_mr_139,R,✅,✅,✅,✅,✅,✅,✅,✅
topcow_mr_140,L,✅,✅,✅,✅,✅,✅,✅,✅
topcow_mr_140,R,✅,✅,✅,✅,✅,✅,✅,✅
topcow_mr_141,L,✅,✅,✅,✅,✅,✅,✅,✅
topcow_mr_141,R,✅,✅,✅,✅,✅,✅,✅,✅
topcow_mr_142,L,✅,✅,✅,✅,✅,✅,✅,✅
topcow_mr_142,R,✅,✅,✅,✅,✅,✅,✅,✅
topcow_mr_143,L,✅,✅,✅,✅,✅,✅,✅,✅
topcow_mr_143,R,✅,✅,✅,✅,✅,✅,✅,✅
topcow_mr_144,L,✅,✅,✅,✅,✅,✅,✅,✅
topcow_mr_144,R,✅,✅,✅,✅,✅,✅,✅,✅
topcow_mr_145,L,✅,✅,✅,✅,✅,✅,✅,✅
topcow_mr_145,R,✅,❌,❌,❌,❌,❌,❌,❌
topcow_mr_146,L,✅,✅,✅,✅,✅,✅,✅,✅
topcow_mr_146,R,✅,✅,✅,✅,✅,✅,✅,✅
topcow_mr_147,L,✅,✅,✅,✅,✅,✅,✅,✅
topcow_mr_147,R,✅,✅,✅,✅,✅,✅,✅,✅
topcow_mr_148,L,✅,✅,✅,✅,✅,✅,✅,✅
topcow_mr_148,R,✅,✅,✅,✅,✅,✅,✅,✅
topcow_mr_149,L,✅,✅,✅,✅,✅,✅,✅,✅
topcow_mr_149,R,✅,✅,✅,✅,✅,✅,✅,✅
topcow_mr_150,L,✅,✅,✅,✅,✅,✅,✅,✅
topcow_mr_150,R,✅,✅,✅,✅,✅,✅,✅,✅
topcow_mr_151,L,✅,✅,✅,✅,✅,✅,✅,✅
topcow_mr_151,R,✅,✅,✅,✅,✅,✅,✅,✅
topcow_mr_152,L,✅,✅,✅,✅,✅,✅,✅,✅
topcow_mr_152,R,✅,✅,✅,✅,✅,✅,✅,✅
topcow_mr_153,L,✅,✅,✅,✅,✅,✅,✅,✅
topcow_mr_153,R,✅,✅,✅,✅,✅,✅,✅,✅
topcow_mr_154,L,✅,✅,✅,✅,✅,✅,✅,✅
topcow_mr_154,R,✅,✅,✅,✅,✅,✅,✅,✅
topcow_mr_155,L,✅,✅,✅,✅,✅,✅,✅,✅
topcow_mr_155,R,✅,✅,✅,✅,✅,✅,✅,✅
topcow_mr_156,L,✅,✅,✅,✅,✅,✅,✅,✅
topcow_mr_156,R,✅,✅,✅,✅,✅,✅,✅,✅
topcow_mr_157,L,✅,✅,✅,✅,✅,✅,✅,✅
topcow_mr_157,R,✅,✅,✅,✅,✅,✅,✅,✅
topcow_mr_158,L,✅,✅,✅,✅,✅,✅,✅,✅
topcow_mr_158,R,✅,✅,✅,✅,✅,✅,✅,✅
topcow_mr_159,L,✅,✅,✅,✅,✅,✅,✅,✅
topcow_mr_159,R,✅,✅,✅,✅,✅,✅,✅,✅
topcow_mr_160,L,✅,✅,✅,✅,✅,✅,✅,✅
topcow_mr_160,R,✅,✅,✅,✅,✅,✅,✅,✅
topcow_mr_161,L,✅,✅,✅,✅,✅,✅,✅,✅
topcow_mr_161,R,✅,✅,✅,✅,✅,✅,✅,✅
topcow_mr_162,L,✅,✅,✅,✅,✅,✅,✅,✅
topcow_mr_162,R,✅,❌,❌,❌,❌,❌,❌,❌
topcow_mr_163,L,✅,✅,✅,✅,✅,✅,✅,✅
topcow_mr_163,R,✅,✅,✅,✅,✅,✅,✅,✅
topcow_mr_164,L,✅,✅,✅,✅,✅,✅,✅,✅
topcow_mr_164,R,✅,✅,✅,✅,✅,✅,✅,✅
topcow_mr_165,L,✅,✅,✅,✅,✅,✅,✅,✅
topcow_mr_165,R,✅,✅,✅,✅,✅,✅,✅,✅
